[ 
{
    "conversation_history": [],
    "user_instruction": "给所有座位编号",
    "thought": {
      "routing_thought": "用户指令'给所有座位编号',匹配到'座位编号'意图。适合直接进行工具调用。",
      "action_thought": "该意图对应'show_seats_numbers'工具，该工具的输入为visible，代表显示或隐藏状态，用户希望对座位进行编号，代表希望显示编号。所以参数为'{'visible':true}'",
      "action": {
        "action_type": "TOOL_CALL",
        "tool_name": "show_seats_numbers",
        "parameters": {"visible":true}
      }
    }
  },
{
    "conversation_history": [],
    "user_instruction": "显示编号",
    "thought": {
      "routing_thought": "用户指令'显示编号',匹配到'座位编号'意图。适合直接进行工具调用。",
      "action_thought": "该意图对应'show_seats_numbers'工具，该工具的输入为visible，代表显示或隐藏状态，用户希望显示编号。所以参数为'{'visible':true}'",
      "action": {
        "action_type": "TOOL_CALL",
        "tool_name": "show_seats_numbers",
        "parameters": {"visible":true}
      }
    }
  },
{
    "conversation_history": [],
    "user_instruction": "座位编号",
    "thought": {
      "routing_thought": "用户指令'座位编号',匹配到'座位编号'意图。适合直接进行工具调用。",
      "action_thought": "该意图对应'show_seats_numbers'工具，该工具的输入为visible，代表显示或隐藏状态，用户未明确说希望显示或隐藏编号，默认显示编号。所以参数为'{'visible':true}'",
      "action": {
        "action_type": "TOOL_CALL",
        "tool_name": "show_seats_numbers",
        "parameters": {"visible":true}
      }
    }
  },
{
    "conversation_history": [],
    "user_instruction": "显示座位编号",
    "thought": {
      "routing_thought": "用户指令'显示座位编号',匹配到'座位编号'意图。适合直接进行工具调用。",
      "action_thought": "该意图对应'show_seats_numbers'工具，该工具的输入为visible，代表显示或隐藏状态，用户希望显示座位编号。所以参数为'{'visible':true}'",
      "action": {
        "action_type": "TOOL_CALL",
        "tool_name": "show_seats_numbers",
        "parameters": {"visible":true}
      }
    }
},
{
    "conversation_history": [],
    "user_instruction": "查看座位编号",
    "thought": {
      "routing_thought": "用户指令'查看座位编号',匹配到'座位编号'意图。适合直接进行工具调用。",
      "action_thought": "该意图对应'show_seats_numbers'工具，该工具的输入为visible，代表显示或隐藏状态，用户希望查看座位编号，说明希望显示座位编号。所以参数为'{'visible':true}'",
      "action": {
        "action_type": "TOOL_CALL",
        "tool_name": "show_seats_numbers",
        "parameters": {"visible":true}
      }
    }
  },
{
    "conversation_history": [],
    "user_instruction": "隐藏座位编号",
    "thought": {
      "routing_thought": "用户指令'隐藏座位编号',匹配到'座位编号'意图。适合直接进行工具调用。",
      "action_thought": "该意图对应'show_seats_numbers'工具，该工具的输入为visible，代表显示或隐藏状态，用户希望隐藏座位编号。所以参数为'{'visible':false}'",
      "action": {
        "action_type": "TOOL_CALL",
        "tool_name": "show_seats_numbers",
        "parameters": {"visible":false}
      }
    }
  },
{
    "conversation_history": [],
    "user_instruction": "删除座位编号",
    "thought": {
      "routing_thought": "用户指令'删除座位编号',匹配到'座位编号'意图。适合直接进行工具调用。",
      "action_thought": "该意图对应'show_seats_numbers'工具，该工具的输入为visible，代表显示或隐藏状态，用户希望删除座位编号，说明希望隐藏座位编号。所以参数为'{'visible':false}'",
      "action": {
        "action_type": "TOOL_CALL",
        "tool_name": "show_seats_numbers",
        "parameters": {"visible":false}
      }
    }
  },
{
    "conversation_history": [],
    "user_instruction": "不显示座位编号",
    "thought": {
      "routing_thought": "用户指令'不显示座位编号',匹配到'座位编号'意图。适合直接进行工具调用。",
      "action_thought": "该意图对应'show_seats_numbers'工具，该工具的输入为visible，代表显示或隐藏状态，用户希望不显示座位编号，说明希望隐藏座位编号。所以参数为'{'visible':false}'",
      "action": {
        "action_type": "TOOL_CALL",
        "tool_name": "show_seats_numbers",
        "parameters": {"visible":false}
      }
    }
  },
{
    "conversation_history": [],
    "user_instruction": "隐藏编号",
    "thought": {
      "routing_thought": "用户指令'隐藏编号',匹配到'座位编号'意图。适合直接进行工具调用。",
      "action_thought": "该意图对应'show_seats_numbers'工具，该工具的输入为visible，代表显示或隐藏状态，用户希望隐藏座位编号。所以参数为'{'visible':false}'",
      "action": {
        "action_type": "TOOL_CALL",
        "tool_name": "show_seats_numbers",
        "parameters": {"visible":false}
      }
    }
  }
]